Trade_Date,Market,Symbol,Direction,Entry_Price,EMA20_1h,Price_to_EMA20_Pct,Max_Gain_30h_Pct,Max_Drawdown_30h_Pct,Close_minus_1h_Pct,Close_minus_2h_Pct,Close_minus_3h_Pct,Close_minus_4h_Pct,Close_minus_5h_Pct
2026-08-09 08:45:50,FUTURES,BTCUSDT,SHORT,64962.6,64886.84415106881,0.11675070643721108,0.8006145074242697,-1.7759449283125939,0.11796289642857694,0.09013388895319899,-0.0016976985381249765,-0.045200075899108044,0.06946813650951944
2026-08-09 10:32:28,FUTURES,BTCUSDT,LONG,65127.3,64919.22543498413,0.32051301231906376,0.5457004973336744,-2.05643409138718,0.010320108191696917,-0.008625018097133945,0.11796289642857694,0.09013388895319899,-0.0016976985381249765
2026-08-09 19:14:23,FUTURES,BTCUSDT,LONG,65413.7,65061.339459876785,0.5415820563308763,-0.06130214312903649,-2.4852592041116726,0.07817047306190435,-0.060012401539753304,-0.021329781438795735,-0.004449900260858455,-0.05306374090171329
2026-08-11 09:25:51,FUTURES,BTCUSDT,SHORT,64273.0,64215.841240757385,0.08901037211101208,0.11342243243663973,-1.651393275558946,0.23829808442605202,-0.11776419159626808,0.26704185631525457,0.12197083632014427,0.14341570222082747
2026-08-11 10:23:53,FUTURES,BTCUSDT,LONG,64201.5,64213.761768539705,-0.019095234731619146,0.05996744624346784,-1.5418642866599712,-0.08561444289237878,0.23829808442605202,-0.11776419159626808,0.26704185631525457,0.12197083632014427
2026-08-11 11:25:04,FUTURES,BTCUSDT,SHORT,63901.8,64155.42757857536,-0.39533300322053994,0.45382133210645087,-1.0800947704133597,-0.2003010736635123,-0.08561444289237878,0.23829808442605202,-0.11776419159626808,0.26704185631525457
2026-08-11 12:41:30,FUTURES,BTCUSDT,SHORT,63459.4,64103.49365226133,-1.0047715273605924,1.154123738957509,-0.39048588546378143,-0.6659976563863494,-0.2003010736635123,-0.08561444289237878,0.23829808442605202,-0.11776419159626808
2026-08-11 17:07:36,FUTURES,BTCUSDT,SHORT,63685.5,63849.32275736589,-0.2565771261011357,0.7950004318094431,-0.2829529484733528,0.2462412690896176,-0.357973642696376,0.144278097608226,-0.1522364445870396,-0.253658995717441
2026-08-11 22:59:33,FUTURES,BTCUSDT,SHORT,63790.9,63781.956337197575,0.014022245970544037,0.6284595451702382,-0.3390765767531151,0.2284024413263655,-0.10936242960579015,0.00015713017449077224,-0.12444915945814068,0.3342859617216639
2026-08-12 03:15:05,FUTURES,BTCUSDT,LONG,63666.7,63767.79336327075,-0.1585335761813911,0.8247639660921735,-0.09942403171515979,0.10071030570755164,-0.08291523054039328,0.12162090059099913,-0.11505423537526091,0.12367147332274944
2026-08-10 11:54:27,SPOT,BTCUSDT,LONG,64656.28,64984.88355400533,-0.5056615262413301,0.08529720546867445,-2.193568822703686,-0.47597723164908196,-0.3919019721469115,0.17368817895974367,0.07052785373058747,-0.4266036105434326
2026-08-11 08:02:55,FUTURES,ETHUSDT,SHORT,1891.71,1883.9654753814598,0.4110757187295147,1.2311612245005823,-2.087529272457195,0.031303388193843214,0.3311046759219843,0.09164340060953663,0.1798801155075817,0.010676517533513346
2026-08-11 09:09:59,FUTURES,ETHUSDT,LONG,1897.0,1884.1307770573794,0.6830323616240499,0.9488666315234582,-2.3605693199789126,0.358019911211062,0.031303388193843214,0.3311046759219843,0.09164340060953663,0.1798801155075817
2026-08-11 10:35:25,FUTURES,ETHUSDT,LONG,1883.69,1884.6828425695537,-0.052679556853185414,1.6621630947767383,-1.6706570614060712,-0.27006743758323465,0.358019911211062,0.031303388193843214,0.3311046759219843,0.09164340060953663
2026-08-11 16:48:57,FUTURES,ETHUSDT,SHORT,1873.82,1876.1088008454471,-0.12199723408449396,2.1976497208910173,0.22627573619664693,0.083701764175642,-0.012339121990998783,0.10687432867884045,-0.5697747067021992,-0.8781215925812179
2026-08-12 01:21:03,FUTURES,ETHUSDT,LONG,1890.6,1880.3519986923882,0.545004409532804,1.290595578123352,-0.32582249021473897,0.10191894259097449,-0.014860970315222415,0.12754220849963016,-0.0037198427037908564,0.009034719897102266
2026-08-10 11:26:17,SPOT,ETHUSDT,LONG,1899.18,1915.2539826893126,-0.8392611546350714,-0.07266293874198913,-2.398930064554185,-0.4407135362014738,-0.7508774122327445,0.13922565506453255,0.07096676563746941,-0.5402740294789212
2026-08-11 08:02:58,FUTURES,SOLUSDT,SHORT,76.2,76.04620848632638,0.2022342950881993,0.8923884514435598,-2.1391076115485688,0.0791139240506359,-0.06588483331136798,0.3039915411049484,-0.1451761911046581,0.013199577613504362
2026-08-11 09:26:18,FUTURES,SOLUSDT,LONG,75.82,76.02416819526614,-0.2685569603888968,1.3980480084410476,-1.6486415193880242,0.34255599472989573,0.0791139240506359,-0.06588483331136798,0.3039915411049484,-0.1451761911046581
2026-08-12 04:00:38,FUTURES,SOLUSDT,LONG,76.01,76.0709583356682,-0.08013351875916536,1.144586238652796,0.10524930930140547,-0.35391270153363513,0.026222630129815433,-0.14401675831369395,-0.039261876717708595,0.013089005235590189
2026-08-11 09:26:44,FUTURES,BNBUSDT,SHORT,612.99,604.192721883195,1.4560384126086465,1.2871335584593528,-1.1696765036949965,0.03779662131072408,0.13823064770932594,0.3219256104204731,0.47773077880069587,0.6343377013604988
2026-08-11 10:36:42,FUTURES,BNBUSDT,LONG,610.75,604.9742671359772,0.9547071962855194,1.6586164551780591,-0.8072042570609825,0.6308008213552414,0.03779662131072408,0.13823064770932594,0.3219256104204731,0.47773077880069587
2026-08-11 20:27:39,FUTURES,BNBUSDT,SHORT,616.18,609.6078913665839,1.078087853929038,0.7627641273653877,-1.13765458145347,0.3164763458401394,-0.008155941603450702,0.1633853443346132,0.2686718762798752,-0.037665400235821135
2026-08-11 22:04:01,FUTURES,BNBUSDT,LONG,618.78,611.2397295420914,1.2336028064729003,0.17292090888523387,-1.553056013445815,0.17667558148957258,0.3268611571860654,0.3164763458401394,-0.008155941603450702,0.1633853443346132
2026-08-11 08:03:04,FUTURES,XRPUSDT,SHORT,1.0087,1.0128546084684875,-0.4101880401936135,1.8142163180331103,-1.9926638247248833,-0.15893513459817463,0.1193436101441937,0.11948620930001891,-0.14913501690197423,-0.35664751337428646
2026-08-11 09:25:42,FUTURES,XRPUSDT,LONG,1.0052,1.01193763597828,-0.665815336709586,2.168722642260229,-1.651412654198175,0.2586807282857363,-0.15893513459817463,0.1193436101441937,0.11948620930001891,-0.14913501690197423
2026-08-11 11:20:52,FUTURES,XRPUSDT,SHORT,1.0093,1.0095811082832231,-0.027844051450313954,1.753690676706611,-1.6050728227484496,0.43833432954771456,-0.3870199464126242,0.2586807282857363,-0.15893513459817463,0.1193436101441937
2026-08-11 10:24:15,FUTURES,ADAUSDT,LONG,0.187,0.18982013661304933,-1.4856888543907316,0.6951871657753986,-1.8716577540106967,-0.9018567639257331,0.2659574468085109,-0.37095919448860953,0.0,0.0530222693531372
2026-08-11 11:22:00,FUTURES,ADAUSDT,SHORT,0.1855,0.1892725007667702,-1.9931584099577435,1.5094339622641493,-1.078167115902966,-0.16059957173447256,-0.9018567639257331,0.2659574468085109,-0.37095919448860953,0.0
2026-08-11 13:20:16,FUTURES,ADAUSDT,SHORT,0.1859,0.18858776894129275,-1.425208515049269,1.2910166756320525,-0.8606777837547165,0.0,-0.9115281501340521,-0.16059957173447256,-0.9018567639257331,0.2659574468085109
2026-08-11 11:24:36,FUTURES,DOGEUSDT,SHORT,0.07098,0.07021363619461912,1.0914743159813878,3.0712876866723042,-1.4652014652014642,0.3681676578872789,0.08503401360544854,0.0567214974475303,-0.04252303330971261,0.32707622298067124
2026-08-12 03:36:20,FUTURES,DOGEUSDT,LONG,0.07147,0.0715081710186077,-0.0533799397522775,0.9794319294808902,-0.013991884706884006,0.0,-0.1662049861495777,0.4731422209852588,-0.5397923875432546,-0.08297607523164775
2026-08-11 10:36:09,FUTURES,AVAXUSDT,LONG,6.441,6.485465668967328,-0.6856202967829234,-0.20183201366247325,-5.2631578947368345,-0.4305705059203516,0.13858946720049803,-0.18444512757455356,0.3392967304133288,0.04628915290850353
2026-08-11 11:20:27,FUTURES,AVAXUSDT,SHORT,6.403,6.462456677457699,-0.9200321243946761,-1.1400905825394272,-4.700921443073549,-0.8185328185328176,-0.4305705059203516,0.13858946720049803,-0.18444512757455356,0.3392967304133288
2026-08-11 16:28:58,FUTURES,NEARUSDT,SHORT,1.565,1.5821363362344003,-1.0831137520794252,7.539936102236429,0.5111821086261985,0.4495825305073935,0.6464124111182941,-0.257898130238556,0.5836575875486315,-2.7129337539432132
2026-08-11 18:15:09,FUTURES,NEARUSDT,LONG,1.586,1.5810159952158012,0.3152406300303509,6.116015132408573,0.252206809583859,0.5082592121982216,0.6393861892583125,0.4495825305073935,0.6464124111182941,-0.257898130238556
2026-08-11 11:54:20,FUTURES,POLUSDT,SHORT,0.076,0.07610838585868442,-0.14240987699524346,1.1052631578947467,-2.0394736842105208,0.6629541235746492,-0.3172085646312504,-0.09243364584708914,-0.1582069874752737,0.013185654008433705
2026-08-11 12:19:09,FUTURES,POLUSDT,LONG,0.0764,0.07611462170609667,0.3749322896266365,-0.19633507853402798,-2.5523560209424,0.1317175974710259,0.6629541235746492,-0.3172085646312504,-0.09243364584708914,-0.1582069874752737
2026-08-11 22:04:46,FUTURES,LTCUSDT,SHORT,45.57,45.32479777502375,0.5409891207752334,-0.1536098310291865,-0.8558262014483226,0.06596306068601833,0.06600660066005287,-0.06596306068600272,0.02199252254233123,-0.021987686895334237
2026-08-10 10:30:16,SPOT,LTCUSDT,LONG,45.52,45.60729614770945,-0.19140829446831664,0.13181019332160626,-1.2961335676625734,0.022026431718057293,0.02203128442387753,-0.15398152221733455,0.022002200220017625,-0.2633311389071702
2026-08-11 11:57:12,SPOT,LTCUSDT,LONG,44.97,45.252535551293185,-0.6243529734879406,1.4231710028908173,-0.08894818768067411,-0.7273528763500072,-0.2418645558487235,0.02199252254233123,-0.24133391838525547,0.6625441696113011
2026-08-11 15:42:30,FUTURES,SUIUSDT,SHORT,0.6778,0.6846281753029219,-0.997355287036017,3.201534375922109,0.014753614635584094,0.10318396226415595,0.3401863629640539,0.0,-1.5149308084486475,-0.30496659889631
2026-08-11 16:21:43,FUTURES,SUIUSDT,LONG,0.6813,0.6842997006992076,-0.4383606621693067,2.671363569646264,0.2054895053573986,0.07362685907818362,0.10318396226415595,0.3401863629640539,0.0,-1.5149308084486475
2026-08-11 20:29:44,FUTURES,ARBUSDT,SHORT,0.0798,0.0791672680954681,0.7992342286825884,1.3408521303258165,-2.3558897243107677,0.7748983739837391,0.15267175572518463,0.5243637293771679,0.838277018313126,-0.7551516702931105
2026-08-11 21:20:33,FUTURES,ARBUSDT,SHORT,0.07994,0.07929724407772376,0.810565272162844,1.163372529397048,-2.5268951713785266,1.1471070213034262,0.7748983739837391,0.15267175572518463,0.5243637293771679,0.838277018313126
2026-08-12 01:32:02,FUTURES,ARBUSDT,LONG,0.07964,0.07952280488232166,0.1473729678571648,0.17579105976896187,-2.1597187343043687,0.12487512487512845,-0.47228436490182113,0.27417746759720585,0.0,1.1471070213034262
2026-08-12 03:14:15,FUTURES,ARBUSDT,SHORT,0.07901,0.07949441509984703,-0.6093699780526689,0.0,-1.3795722060498592,-0.03770265175317613,-0.7607882264903959,0.12487512487512845,-0.47228436490182113,0.27417746759720585
2026-08-11 16:43:28,FUTURES,OPUSDT,SHORT,0.0898,0.0900824754074639,-0.31357420651042117,2.5612472160356305,-0.11135857461024817,0.33745781777277245,0.22547914317926238,0.33936651583709804,-0.7856341189674437,-1.980198019801976
2026-08-11 17:04:16,FUTURES,OPUSDT,LONG,0.0906,0.09017564236773543,0.4705900852184094,1.6556291390728493,-0.9933774834437064,1.1210762331838575,0.33745781777277245,0.22547914317926238,0.33936651583709804,-0.7856341189674437
2026-08-11 22:42:19,FUTURES,INJUSDT,SHORT,4.655,4.546125680354625,2.394881428726413,0.0,-1.8689581095596268,0.19305019305020035,0.3659849300323003,0.6500541711809179,0.19539730785932136,2.9273743016759832
2026-08-12 01:40:50,FUTURES,TIAUSDT,LONG,0.3091,0.3128329140934781,-1.1932612987016618,0.19411193788417647,-1.7470074409576062,-0.41586692258476265,-0.2234280242579106,0.6424670735624805,-0.7017543859649058,0.6097560975609797
2026-08-12 03:30:26,FUTURES,TIAUSDT,SHORT,0.3061,0.3119106925595335,-1.862934711167193,0.9474028095393707,-0.7840574975498066,-0.3555268261150581,-0.61034371988436,-0.41586692258476265,-0.2234280242579106,0.6424670735624805
2026-08-11 20:54:21,FUTURES,GRTUSDT,LONG,0.01377,0.013937320276613369,-1.2005197074657945,1.234567901234568,-0.7988380537400073,0.0,-0.07209805335255653,0.6531204644412177,-0.14492753623187815,0.14513788098693167
2026-08-11 21:18:01,FUTURES,GRTUSDT,SHORT,0.01368,0.013923704658896007,-1.750286040003746,1.9005847953216364,-0.14619883040935078,-0.5772005772005787,0.0,-0.07209805335255653,0.6531204644412177,-0.14492753623187815
